Action,Keyword status,Customer ID,Campaign,Ad group,Keyword,Match Type,Final URL
Add,Paused,413-003-0542,Search | ADHS-Therapie | München | Leads,ADHS-Therapie München,adhs therapie münchen,Exact match,https://neurofeedback-praxis-muenchen.de/adhs-therapie-muenchen
Add,Paused,413-003-0542,Search | ADHS-Therapie | München | Leads,ADHS-Therapie München,adhs therapie münchen,Phrase match,https://neurofeedback-praxis-muenchen.de/adhs-therapie-muenchen
Add,Paused,413-003-0542,Search | ADHS-Therapie | München | Leads,ADHS-Therapie München,adhs therapie erwachsene,Exact match,https://neurofeedback-praxis-muenchen.de/adhs-therapie-muenchen
Add,Paused,413-003-0542,Search | ADHS-Therapie | München | Leads,ADHS-Therapie München,adhs therapie erwachsene,Phrase match,https://neurofeedback-praxis-muenchen.de/adhs-therapie-muenchen
Add,Paused,413-003-0542,Search | ADHS-Therapie | München | Leads,ADHS-Therapie München,therapie adhs erwachsene,Exact match,https://neurofeedback-praxis-muenchen.de/adhs-therapie-muenchen
Add,Paused,413-003-0542,Search | ADHS-Therapie | München | Leads,ADHS-Therapie München,therapie adhs erwachsene,Phrase match,https://neurofeedback-praxis-muenchen.de/adhs-therapie-muenchen
Add,Paused,413-003-0542,Search | ADHS-Therapie | München | Leads,ADHS-Therapie München,adhs hilfe münchen,Exact match,https://neurofeedback-praxis-muenchen.de/adhs-therapie-muenchen
Add,Paused,413-003-0542,Search | ADHS-Therapie | München | Leads,ADHS-Therapie München,adhs hilfe erwachsene,Phrase match,https://neurofeedback-praxis-muenchen.de/adhs-therapie-muenchen
Add,Paused,413-003-0542,Search | ADHS-Therapie | München | Leads,ADHS-Psychotherapie,adhs psychotherapie münchen,Exact match,https://neurofeedback-praxis-muenchen.de/adhs-therapie-muenchen
Add,Paused,413-003-0542,Search | ADHS-Therapie | München | Leads,ADHS-Psychotherapie,adhs psychotherapie münchen,Phrase match,https://neurofeedback-praxis-muenchen.de/adhs-therapie-muenchen
Add,Paused,413-003-0542,Search | ADHS-Therapie | München | Leads,ADHS-Psychotherapie,psychotherapie adhs erwachsene,Exact match,https://neurofeedback-praxis-muenchen.de/adhs-therapie-muenchen
Add,Paused,413-003-0542,Search | ADHS-Therapie | München | Leads,ADHS-Psychotherapie,psychotherapie adhs erwachsene,Phrase match,https://neurofeedback-praxis-muenchen.de/adhs-therapie-muenchen
Add,Paused,413-003-0542,Search | ADHS-Therapie | München | Leads,ADHS-Psychotherapie,psychotherapie bei adhs,Exact match,https://neurofeedback-praxis-muenchen.de/adhs-therapie-muenchen
Add,Paused,413-003-0542,Search | ADHS-Therapie | München | Leads,ADHS-Psychotherapie,psychotherapie adhs,Phrase match,https://neurofeedback-praxis-muenchen.de/adhs-therapie-muenchen
Add,Paused,413-003-0542,Search | ADHS-Therapie | München | Leads,ADHS-Verhaltenstherapie,adhs verhaltenstherapie,Exact match,https://neurofeedback-praxis-muenchen.de/adhs-therapie-muenchen
Add,Paused,413-003-0542,Search | ADHS-Therapie | München | Leads,ADHS-Verhaltenstherapie,adhs verhaltenstherapie,Phrase match,https://neurofeedback-praxis-muenchen.de/adhs-therapie-muenchen
Add,Paused,413-003-0542,Search | ADHS-Therapie | München | Leads,ADHS-Verhaltenstherapie,verhaltenstherapie adhs münchen,Exact match,https://neurofeedback-praxis-muenchen.de/adhs-therapie-muenchen
Add,Paused,413-003-0542,Search | ADHS-Therapie | München | Leads,ADHS-Verhaltenstherapie,verhaltenstherapie adhs münchen,Phrase match,https://neurofeedback-praxis-muenchen.de/adhs-therapie-muenchen
Add,Paused,413-003-0542,Search | ADHS-Therapie | München | Leads,ADHS-Verhaltenstherapie,kognitive verhaltenstherapie adhs,Exact match,https://neurofeedback-praxis-muenchen.de/adhs-therapie-muenchen
Add,Paused,413-003-0542,Search | ADHS-Therapie | München | Leads,ADHS-Verhaltenstherapie,kognitive verhaltenstherapie adhs,Phrase match,https://neurofeedback-praxis-muenchen.de/adhs-therapie-muenchen
Add,Paused,413-003-0542,Search | Psychotherapie | München | Leads,Soziale Angst,soziale angst therapie münchen,Exact match,https://neurofeedback-praxis-muenchen.de/soziale-angst-muenchen
Add,Paused,413-003-0542,Search | Psychotherapie | München | Leads,Soziale Angst,soziale angst therapie münchen,Phrase match,https://neurofeedback-praxis-muenchen.de/soziale-angst-muenchen
Add,Paused,413-003-0542,Search | Psychotherapie | München | Leads,Soziale Angst,soziale phobie therapie münchen,Exact match,https://neurofeedback-praxis-muenchen.de/soziale-angst-muenchen
Add,Paused,413-003-0542,Search | Psychotherapie | München | Leads,Soziale Angst,soziale phobie therapie münchen,Phrase match,https://neurofeedback-praxis-muenchen.de/soziale-angst-muenchen
Add,Paused,413-003-0542,Search | Psychotherapie | München | Leads,Soziale Angst,psychotherapie soziale angst münchen,Exact match,https://neurofeedback-praxis-muenchen.de/soziale-angst-muenchen
Add,Paused,413-003-0542,Search | Psychotherapie | München | Leads,Soziale Angst,therapie soziale phobie,Phrase match,https://neurofeedback-praxis-muenchen.de/soziale-angst-muenchen
Add,Paused,413-003-0542,Search | Psychotherapie | München | Leads,Panikattacken,panikattacken therapie münchen,Exact match,https://neurofeedback-praxis-muenchen.de/panikattacken-muenchen
Add,Paused,413-003-0542,Search | Psychotherapie | München | Leads,Panikattacken,panikattacken therapie münchen,Phrase match,https://neurofeedback-praxis-muenchen.de/panikattacken-muenchen
Add,Paused,413-003-0542,Search | Psychotherapie | München | Leads,Panikattacken,panikstörung therapie münchen,Exact match,https://neurofeedback-praxis-muenchen.de/panikattacken-muenchen
Add,Paused,413-003-0542,Search | Psychotherapie | München | Leads,Panikattacken,panikstörung therapie münchen,Phrase match,https://neurofeedback-praxis-muenchen.de/panikattacken-muenchen
Add,Paused,413-003-0542,Search | Psychotherapie | München | Leads,Panikattacken,psychotherapie panikattacken münchen,Exact match,https://neurofeedback-praxis-muenchen.de/panikattacken-muenchen
Add,Paused,413-003-0542,Search | Psychotherapie | München | Leads,Panikattacken,therapie gegen panikattacken,Phrase match,https://neurofeedback-praxis-muenchen.de/panikattacken-muenchen
Add,Paused,413-003-0542,Search | Psychotherapie | München | Leads,Spezifische Phobien,phobie therapie münchen,Exact match,https://neurofeedback-praxis-muenchen.de/spezifische-phobien-muenchen
Add,Paused,413-003-0542,Search | Psychotherapie | München | Leads,Spezifische Phobien,phobie therapie münchen,Phrase match,https://neurofeedback-praxis-muenchen.de/spezifische-phobien-muenchen
Add,Paused,413-003-0542,Search | Psychotherapie | München | Leads,Spezifische Phobien,spezifische phobie therapie,Exact match,https://neurofeedback-praxis-muenchen.de/spezifische-phobien-muenchen
Add,Paused,413-003-0542,Search | Psychotherapie | München | Leads,Spezifische Phobien,spezifische phobie therapie,Phrase match,https://neurofeedback-praxis-muenchen.de/spezifische-phobien-muenchen
Add,Paused,413-003-0542,Search | Psychotherapie | München | Leads,Spezifische Phobien,angsttherapie münchen,Exact match,https://neurofeedback-praxis-muenchen.de/spezifische-phobien-muenchen
Add,Paused,413-003-0542,Search | Psychotherapie | München | Leads,Spezifische Phobien,expositionstherapie münchen,Phrase match,https://neurofeedback-praxis-muenchen.de/spezifische-phobien-muenchen
Add,Paused,413-003-0542,Search | Psychotherapie | München | Leads,Depressive Verstimmung,depression therapie münchen,Exact match,https://neurofeedback-praxis-muenchen.de/depressive-verstimmung-muenchen
Add,Paused,413-003-0542,Search | Psychotherapie | München | Leads,Depressive Verstimmung,depression therapie münchen,Phrase match,https://neurofeedback-praxis-muenchen.de/depressive-verstimmung-muenchen
Add,Paused,413-003-0542,Search | Psychotherapie | München | Leads,Depressive Verstimmung,depressive verstimmung therapie,Exact match,https://neurofeedback-praxis-muenchen.de/depressive-verstimmung-muenchen
Add,Paused,413-003-0542,Search | Psychotherapie | München | Leads,Depressive Verstimmung,depressive verstimmung therapie,Phrase match,https://neurofeedback-praxis-muenchen.de/depressive-verstimmung-muenchen
Add,Paused,413-003-0542,Search | Psychotherapie | München | Leads,Depressive Verstimmung,psychotherapie depression münchen,Exact match,https://neurofeedback-praxis-muenchen.de/depressive-verstimmung-muenchen
Add,Paused,413-003-0542,Search | Psychotherapie | München | Leads,Depressive Verstimmung,therapie bei depression münchen,Phrase match,https://neurofeedback-praxis-muenchen.de/depressive-verstimmung-muenchen
