www.neurofeedback-praxis-muenchen.de/adhs-und-freundschaft/,https://neurofeedback-praxis-muenchen.de/adhs-wissen/adhs-und-beziehungen,301,TRUE,FALSE,FALSE,FALSE
www.neurofeedback-praxis-muenchen.de/hypnosetherapie/,https://neurofeedback-praxis-muenchen.de/adhs-therapie-muenchen,301,TRUE,FALSE,FALSE,FALSE
www.neurofeedback-praxis-muenchen.de/unterschied-adhs-und-ads/,https://neurofeedback-praxis-muenchen.de/adhs-wissen,301,TRUE,FALSE,FALSE,FALSE
www.neurofeedback-praxis-muenchen.de/adhs-spaete-diagnose/,https://neurofeedback-praxis-muenchen.de/adhs-wissen,301,TRUE,FALSE,FALSE,FALSE
www.neurofeedback-praxis-muenchen.de/neurofeedback-therapie/,https://neurofeedback-praxis-muenchen.de/neurofeedback-muenchen,301,TRUE,FALSE,FALSE,FALSE
www.neurofeedback-praxis-muenchen.de/adhs-langeweile-und-abwechslung/,https://neurofeedback-praxis-muenchen.de/adhs-wissen/adhs-prokrastination,301,TRUE,FALSE,FALSE,FALSE
www.neurofeedback-praxis-muenchen.de/stressmanagement/,https://neurofeedback-praxis-muenchen.de/adhs-therapie-muenchen,301,TRUE,FALSE,FALSE,FALSE
www.neurofeedback-praxis-muenchen.de/adhs-und-schlaf/,https://neurofeedback-praxis-muenchen.de/adhs-wissen/adhs-und-schlaf,301,TRUE,FALSE,FALSE,FALSE
www.neurofeedback-praxis-muenchen.de/schlafstoerung/,https://neurofeedback-praxis-muenchen.de/adhs-wissen/adhs-und-schlaf,301,TRUE,FALSE,FALSE,FALSE
www.neurofeedback-praxis-muenchen.de/adhs-im-beruf/,https://neurofeedback-praxis-muenchen.de/adhs-wissen/adhs-im-beruf,301,TRUE,FALSE,FALSE,FALSE
www.neurofeedback-praxis-muenchen.de/adhs-bei-erwachsenen-test-online/,https://neurofeedback-praxis-muenchen.de/adhs-selbsttest-erwachsene,301,TRUE,FALSE,FALSE,FALSE
www.neurofeedback-praxis-muenchen.de/biofeedback-muenchen/,https://neurofeedback-praxis-muenchen.de/neurofeedback-muenchen,301,TRUE,FALSE,FALSE,FALSE
www.neurofeedback-praxis-muenchen.de/adhs-frustrationstoleranz/,https://neurofeedback-praxis-muenchen.de/adhs-wissen/adhs-emotionale-dysregulation,301,TRUE,FALSE,FALSE,FALSE
www.neurofeedback-praxis-muenchen.de/kontakt/,https://neurofeedback-praxis-muenchen.de/kontakt-anfahrt,301,TRUE,FALSE,FALSE,FALSE
www.neurofeedback-praxis-muenchen.de/welche-adhs-typen-gibt-es/,https://neurofeedback-praxis-muenchen.de/adhs-wissen,301,TRUE,FALSE,FALSE,FALSE
www.neurofeedback-praxis-muenchen.de/methylphenidat-bei-adhs/,https://neurofeedback-praxis-muenchen.de/adhs-therapie-muenchen,301,TRUE,FALSE,FALSE,FALSE
www.neurofeedback-praxis-muenchen.de/mentaltraining/,https://neurofeedback-praxis-muenchen.de/neurofeedback-muenchen,301,TRUE,FALSE,FALSE,FALSE
www.neurofeedback-praxis-muenchen.de/adhs-welche-medikamente/,https://neurofeedback-praxis-muenchen.de/adhs-therapie-muenchen,301,TRUE,FALSE,FALSE,FALSE
www.neurofeedback-praxis-muenchen.de/impressum/,https://neurofeedback-praxis-muenchen.de/impressum,301,TRUE,FALSE,FALSE,FALSE
www.neurofeedback-praxis-muenchen.de/burnout/,https://neurofeedback-praxis-muenchen.de/adhs-therapie-muenchen,301,TRUE,FALSE,FALSE,FALSE
www.neurofeedback-praxis-muenchen.de/kann-adhs-geheilt-werden/,https://neurofeedback-praxis-muenchen.de/adhs-therapie-muenchen,301,TRUE,FALSE,FALSE,FALSE
www.neurofeedback-praxis-muenchen.de/2026/03/06/neurofeedback-und-hypnose-bei-schlafproblemen-unterschiede-und-synergien/,https://neurofeedback-praxis-muenchen.de/adhs-wissen/adhs-und-schlaf,301,TRUE,FALSE,FALSE,FALSE
www.neurofeedback-praxis-muenchen.de/leistungen/adhs-beratung/,https://neurofeedback-praxis-muenchen.de/adhs-beratung-muenchen,301,TRUE,FALSE,FALSE,FALSE
www.neurofeedback-praxis-muenchen.de/fragen/,https://neurofeedback-praxis-muenchen.de/#faq,301,TRUE,FALSE,FALSE,FALSE
www.neurofeedback-praxis-muenchen.de/unser-team/,https://neurofeedback-praxis-muenchen.de/ueber-mich,301,TRUE,FALSE,FALSE,FALSE
www.neurofeedback-praxis-muenchen.de/adhs-youtube/,https://neurofeedback-praxis-muenchen.de/adhs-wissen,301,TRUE,FALSE,FALSE,FALSE
www.neurofeedback-praxis-muenchen.de/leistungen/,https://neurofeedback-praxis-muenchen.de/,301,TRUE,FALSE,FALSE,FALSE
www.neurofeedback-praxis-muenchen.de/sitemap/,https://neurofeedback-praxis-muenchen.de/sitemap.xml,301,TRUE,FALSE,FALSE,FALSE
www.neurofeedback-praxis-muenchen.de/adhs-therapie/,https://neurofeedback-praxis-muenchen.de/adhs-therapie-muenchen,301,TRUE,FALSE,FALSE,FALSE
www.neurofeedback-praxis-muenchen.de/adhs-gehirn-was-passiert-bei-adhs-im-gehirn/,https://neurofeedback-praxis-muenchen.de/adhs-wissen,301,TRUE,FALSE,FALSE,FALSE
www.neurofeedback-praxis-muenchen.de/wie-wird-adhs-diagnostiziert/,https://neurofeedback-praxis-muenchen.de/adhs-test-muenchen,301,TRUE,FALSE,FALSE,FALSE
www.neurofeedback-praxis-muenchen.de/forschung/,https://neurofeedback-praxis-muenchen.de/adhs-wissen,301,TRUE,FALSE,FALSE,FALSE
www.neurofeedback-praxis-muenchen.de/adhs-beziehung/,https://neurofeedback-praxis-muenchen.de/adhs-wissen/adhs-und-beziehungen,301,TRUE,FALSE,FALSE,FALSE
www.neurofeedback-praxis-muenchen.de/index.php,https://neurofeedback-praxis-muenchen.de/,301,TRUE,FALSE,FALSE,FALSE
www.neurofeedback-praxis-muenchen.de/ablauf-kosten/,https://neurofeedback-praxis-muenchen.de/ablauf-kosten,301,TRUE,FALSE,FALSE,FALSE
www.neurofeedback-praxis-muenchen.de/adhs-erwachsene-muenchen/,https://neurofeedback-praxis-muenchen.de/,301,TRUE,FALSE,FALSE,FALSE
www.neurofeedback-praxis-muenchen.de/adhs-test-muenchen/,https://neurofeedback-praxis-muenchen.de/adhs-test-muenchen,301,TRUE,FALSE,FALSE,FALSE
www.neurofeedback-praxis-muenchen.de/adhs-therapie-muenchen/,https://neurofeedback-praxis-muenchen.de/adhs-therapie-muenchen,301,TRUE,FALSE,FALSE,FALSE
www.neurofeedback-praxis-muenchen.de/adhs-wissen/,https://neurofeedback-praxis-muenchen.de/adhs-wissen,301,TRUE,FALSE,FALSE,FALSE
www.neurofeedback-praxis-muenchen.de/adhs-wissen/adhs-bei-frauen/,https://neurofeedback-praxis-muenchen.de/adhs-wissen/adhs-bei-frauen,301,TRUE,FALSE,FALSE,FALSE
www.neurofeedback-praxis-muenchen.de/adhs-wissen/adhs-emotionale-dysregulation/,https://neurofeedback-praxis-muenchen.de/adhs-wissen/adhs-emotionale-dysregulation,301,TRUE,FALSE,FALSE,FALSE
www.neurofeedback-praxis-muenchen.de/adhs-wissen/adhs-im-beruf/,https://neurofeedback-praxis-muenchen.de/adhs-wissen/adhs-im-beruf,301,TRUE,FALSE,FALSE,FALSE
www.neurofeedback-praxis-muenchen.de/adhs-wissen/adhs-prokrastination/,https://neurofeedback-praxis-muenchen.de/adhs-wissen/adhs-prokrastination,301,TRUE,FALSE,FALSE,FALSE
www.neurofeedback-praxis-muenchen.de/adhs-wissen/adhs-und-beziehungen/,https://neurofeedback-praxis-muenchen.de/adhs-wissen/adhs-und-beziehungen,301,TRUE,FALSE,FALSE,FALSE
www.neurofeedback-praxis-muenchen.de/adhs-wissen/adhs-und-schlaf/,https://neurofeedback-praxis-muenchen.de/adhs-wissen/adhs-und-schlaf,301,TRUE,FALSE,FALSE,FALSE
www.neurofeedback-praxis-muenchen.de/kontakt-anfahrt/,https://neurofeedback-praxis-muenchen.de/kontakt-anfahrt,301,TRUE,FALSE,FALSE,FALSE
www.neurofeedback-praxis-muenchen.de/neurofeedback-muenchen/,https://neurofeedback-praxis-muenchen.de/neurofeedback-muenchen,301,TRUE,FALSE,FALSE,FALSE
www.neurofeedback-praxis-muenchen.de/soziale-angst-muenchen/,https://neurofeedback-praxis-muenchen.de/soziale-angst-muenchen,301,TRUE,FALSE,FALSE,FALSE
www.neurofeedback-praxis-muenchen.de/panikattacken-muenchen/,https://neurofeedback-praxis-muenchen.de/panikattacken-muenchen,301,TRUE,FALSE,FALSE,FALSE
www.neurofeedback-praxis-muenchen.de/spezifische-phobien-muenchen/,https://neurofeedback-praxis-muenchen.de/spezifische-phobien-muenchen,301,TRUE,FALSE,FALSE,FALSE
www.neurofeedback-praxis-muenchen.de/depressive-verstimmung-muenchen/,https://neurofeedback-praxis-muenchen.de/depressive-verstimmung-muenchen,301,TRUE,FALSE,FALSE,FALSE
www.neurofeedback-praxis-muenchen.de/termin/,https://neurofeedback-praxis-muenchen.de/termin,301,TRUE,FALSE,FALSE,FALSE
www.neurofeedback-praxis-muenchen.de/ueber-mich/,https://neurofeedback-praxis-muenchen.de/ueber-mich,301,TRUE,FALSE,FALSE,FALSE
www.neurofeedback-praxis-muenchen.de/datenschutz/,https://neurofeedback-praxis-muenchen.de/datenschutz,301,TRUE,FALSE,FALSE,FALSE
