source_url,target_url,source
https://www.neurofeedback-praxis-muenchen.de/,https://neurofeedback-praxis-muenchen.de/,GSC Performance Pages 2026-08-17
https://www.neurofeedback-praxis-muenchen.de/adhs-und-freundschaft/,https://neurofeedback-praxis-muenchen.de/adhs-wissen/adhs-und-beziehungen,GSC Performance Pages 2026-08-17
https://www.neurofeedback-praxis-muenchen.de/hypnosetherapie/,https://neurofeedback-praxis-muenchen.de/adhs-therapie-muenchen,GSC Performance Pages 2026-08-17
https://www.neurofeedback-praxis-muenchen.de/unterschied-adhs-und-ads/,https://neurofeedback-praxis-muenchen.de/adhs-wissen,GSC Performance Pages 2026-08-17
https://www.neurofeedback-praxis-muenchen.de/adhs-spaete-diagnose/,https://neurofeedback-praxis-muenchen.de/adhs-wissen,GSC Performance Pages 2026-08-17
https://www.neurofeedback-praxis-muenchen.de/neurofeedback-therapie/,https://neurofeedback-praxis-muenchen.de/neurofeedback-muenchen,GSC Performance Pages 2026-08-17
https://www.neurofeedback-praxis-muenchen.de/adhs-langeweile-und-abwechslung/,https://neurofeedback-praxis-muenchen.de/adhs-wissen/adhs-prokrastination,GSC Performance Pages 2026-08-17
https://www.neurofeedback-praxis-muenchen.de/stressmanagement/,https://neurofeedback-praxis-muenchen.de/adhs-therapie-muenchen,GSC Performance Pages 2026-08-17
https://www.neurofeedback-praxis-muenchen.de/adhs-und-schlaf/,https://neurofeedback-praxis-muenchen.de/adhs-wissen/adhs-und-schlaf,GSC Performance Pages 2026-08-17
https://www.neurofeedback-praxis-muenchen.de/schlafstoerung/,https://neurofeedback-praxis-muenchen.de/adhs-wissen/adhs-und-schlaf,GSC Performance Pages 2026-08-17
https://www.neurofeedback-praxis-muenchen.de/adhs-im-beruf/,https://neurofeedback-praxis-muenchen.de/adhs-wissen/adhs-im-beruf,GSC Performance Pages 2026-08-17
https://www.neurofeedback-praxis-muenchen.de/adhs-bei-erwachsenen-test-online/,https://neurofeedback-praxis-muenchen.de/adhs-selbsttest-erwachsene,GSC Performance Pages 2026-08-17
https://www.neurofeedback-praxis-muenchen.de/biofeedback-muenchen/,https://neurofeedback-praxis-muenchen.de/neurofeedback-muenchen,GSC Performance Pages 2026-08-17
https://www.neurofeedback-praxis-muenchen.de/adhs-frustrationstoleranz/,https://neurofeedback-praxis-muenchen.de/adhs-wissen/adhs-emotionale-dysregulation,GSC Performance Pages 2026-08-17
https://www.neurofeedback-praxis-muenchen.de/kontakt/,https://neurofeedback-praxis-muenchen.de/kontakt-anfahrt,GSC Performance Pages 2026-08-17
https://www.neurofeedback-praxis-muenchen.de/welche-adhs-typen-gibt-es/,https://neurofeedback-praxis-muenchen.de/adhs-wissen,GSC Performance Pages 2026-08-17
https://www.neurofeedback-praxis-muenchen.de/methylphenidat-bei-adhs/,https://neurofeedback-praxis-muenchen.de/adhs-therapie-muenchen,GSC Performance Pages 2026-08-17
https://www.neurofeedback-praxis-muenchen.de/mentaltraining/,https://neurofeedback-praxis-muenchen.de/neurofeedback-muenchen,GSC Performance Pages 2026-08-17
https://www.neurofeedback-praxis-muenchen.de/adhs-welche-medikamente/,https://neurofeedback-praxis-muenchen.de/adhs-therapie-muenchen,GSC Performance Pages 2026-08-17
https://www.neurofeedback-praxis-muenchen.de/impressum/,https://neurofeedback-praxis-muenchen.de/impressum,GSC Performance Pages 2026-08-17
https://www.neurofeedback-praxis-muenchen.de/burnout/,https://neurofeedback-praxis-muenchen.de/adhs-therapie-muenchen,GSC Performance Pages 2026-08-17
https://www.neurofeedback-praxis-muenchen.de/kann-adhs-geheilt-werden/,https://neurofeedback-praxis-muenchen.de/adhs-therapie-muenchen,GSC Performance Pages 2026-08-17
https://www.neurofeedback-praxis-muenchen.de/2026/03/06/neurofeedback-und-hypnose-bei-schlafproblemen-unterschiede-und-synergien/,https://neurofeedback-praxis-muenchen.de/adhs-wissen/adhs-und-schlaf,GSC Performance Pages 2026-08-17
https://www.neurofeedback-praxis-muenchen.de/leistungen/adhs-beratung/,https://neurofeedback-praxis-muenchen.de/adhs-beratung-muenchen,GSC Performance Pages 2026-08-17
https://www.neurofeedback-praxis-muenchen.de/fragen/,https://neurofeedback-praxis-muenchen.de/#faq,GSC Performance Pages 2026-08-17
https://www.neurofeedback-praxis-muenchen.de/unser-team/,https://neurofeedback-praxis-muenchen.de/ueber-mich,GSC Performance Pages 2026-08-17
https://www.neurofeedback-praxis-muenchen.de/adhs-youtube/,https://neurofeedback-praxis-muenchen.de/adhs-wissen,GSC Page indexing 2026-08-17
https://www.neurofeedback-praxis-muenchen.de/leistungen/,https://neurofeedback-praxis-muenchen.de/,GSC Page indexing 2026-08-17
https://www.neurofeedback-praxis-muenchen.de/sitemap/,https://neurofeedback-praxis-muenchen.de/sitemap.xml,GSC Page indexing 2026-08-17
https://www.neurofeedback-praxis-muenchen.de/adhs-therapie/,https://neurofeedback-praxis-muenchen.de/adhs-therapie-muenchen,GSC Page indexing 2026-08-17
https://www.neurofeedback-praxis-muenchen.de/adhs-gehirn-was-passiert-bei-adhs-im-gehirn/,https://neurofeedback-praxis-muenchen.de/adhs-wissen,GSC Page indexing 2026-08-17
https://www.neurofeedback-praxis-muenchen.de/adhs-erwachsene-muenchen/,https://neurofeedback-praxis-muenchen.de/,SEO-Bereinigung 2026-08-22
https://www.neurofeedback-praxis-muenchen.de/wie-wird-adhs-diagnostiziert/,https://neurofeedback-praxis-muenchen.de/adhs-test-muenchen,GSC Page indexing 2026-08-17
https://www.neurofeedback-praxis-muenchen.de/forschung/,https://neurofeedback-praxis-muenchen.de/adhs-wissen,GSC Page indexing 2026-08-17
https://www.neurofeedback-praxis-muenchen.de/adhs-beziehung/,https://neurofeedback-praxis-muenchen.de/adhs-wissen/adhs-und-beziehungen,GSC Page indexing 2026-08-17
https://www.neurofeedback-praxis-muenchen.de/index.php,https://neurofeedback-praxis-muenchen.de/,GSC Page indexing 2026-08-17
